{"accuracy": 0.9666666666666666, "f1_macro": 0.9649062049062049, "neg_log_loss": -0.08780485557083592, "_timestamp": 1707406567.2966087, "_runtime": 4.255573749542236, "_step": 0, "_wandb": {"runtime": 2}}