{"accuracy": 0.9666666666666666, "f1_macro": 0.9649062049062049, "neg_log_loss": -0.11980897446457064, "_timestamp": 1707406481.9384918, "_runtime": 4.594871759414673, "_step": 0, "_wandb": {"runtime": 3}}