{"accuracy": 0.9416666666666667, "f1_macro": 0.9378162578162577, "neg_log_loss": -0.32999473554763126, "_timestamp": 1707403852.908168, "_runtime": 4.069183111190796, "_step": 0, "_wandb": {"runtime": 2}}