{"accuracy": 0.9416666666666667, "f1_macro": 0.9378162578162577, "neg_log_loss": -0.32999473554763126, "_timestamp": 1707405069.2664258, "_runtime": 5.152569770812988, "_step": 1, "data_scatter": {"_type": "image-file", "sha256": "c0b5faa1cdcf1d7b5e655a6fe618d332c1625c0effedaf0ebd77d57b474a2782", "size": 41368, "path": "media/images/data_scatter_1_c0b5faa1cdcf1d7b5e65.png", "format": "png", "width": 640, "height": 480}, "_wandb": {"runtime": 3}}