{"accuracy": 0.975, "f1_macro": 0.9733718133718133, "neg_log_loss": -0.1134990489618026, "_timestamp": 1707406535.9721546, "_runtime": 4.400426626205444, "_step": 0, "_wandb": {"runtime": 2}}