{"accuracy": 0.9583333333333333, "f1_macro": 0.9564405964405964, "neg_log_loss": -0.08645453313711245, "_timestamp": 1707406440.2067058, "_runtime": 4.543953895568848, "_step": 0, "_wandb": {"runtime": 2}}