{"accuracy": 0.975, "f1_macro": 0.9733718133718133, "neg_log_loss": -0.08443756417647633, "_timestamp": 1707406466.937537, "_runtime": 4.958664894104004, "_step": 0, "_wandb": {"runtime": 3}}