{"accuracy": 0.9666666666666666, "f1_macro": 0.9649062049062049, "neg_log_loss": -0.09832948286138998, "_timestamp": 1707406519.2319708, "_runtime": 4.308478832244873, "_step": 0, "_wandb": {"runtime": 2}}