{"accuracy": 0.9666666666666666, "f1_macro": 0.9652910052910053, "neg_log_loss": -0.10074582794752676, "_timestamp": 1707406406.458929, "_runtime": 4.882224082946777, "_step": 0, "_wandb": {"runtime": 3}}