{"accuracy": 0.975, "f1_macro": 0.9733718133718133, "neg_log_loss": -0.08502335496873392, "_timestamp": 1707404502.684206, "_runtime": 4.195578098297119, "_step": 0, "_wandb": {"runtime": 2}}