{"accuracy": 0.9583333333333333, "f1_macro": 0.9564405964405964, "neg_log_loss": -0.37251014691189444, "_timestamp": 1707406550.7143247, "_runtime": 4.199272632598877, "_step": 0, "_wandb": {"runtime": 2}}