{"accuracy": 0.9583333333333333, "f1_macro": 0.9564405964405964, "neg_log_loss": -0.09921471231554643, "_timestamp": 1707406497.4046502, "_runtime": 4.096771240234375, "_step": 0, "_wandb": {"runtime": 2}}