{"accuracy": 0.9416666666666667, "f1_macro": 0.9378162578162577, "neg_log_loss": -0.32999473554763126, "_timestamp": 1707404458.8947928, "_runtime": 4.712066888809204, "_step": 0, "_wandb": {"runtime": 2}}