{"accuracy": 0.9583333333333333, "f1_macro": 0.9564405964405964, "neg_log_loss": -0.3791577144017909, "_timestamp": 1707406423.823245, "_runtime": 4.233572006225586, "_step": 0, "_wandb": {"runtime": 2}}